user_id,page_views,time_on_page,device_type,browser,conversion_rate,bounce_rate,date_visited,time_of_day_visited
1,5493,1726,mobile,Safari,60.98,16.52,8/10/2017,7:38 AM
2,6049,1219,desktop,Edge,11.67,91.31,8/15/2017,1:21 AM
3,539,2810,desktop,Firefox,64.84,60.81,4/26/2017,8:11 PM
4,3802,936,mobile,Edge,71.77,40.83,9/3/2017,12:38 PM
5,6765,2607,mobile,Safari,40.53,43.08,9/17/2017,5:41 AM
6,8065,995,desktop,Edge,88.68,80.2,12/27/2017,5:43 PM
7,4794,892,mobile,Firefox,10.25,25.52,11/26/2017,12:23 AM
8,651,1837,tablet,Edge,40.54,63.69,4/8/2017,3:29 AM
9,7918,3445,mobile,Safari,40.05,67.48,7/6/2017,9:44 AM
10,4383,340,desktop,Firefox,40.37,1.62,3/11/2017,9:58 PM
11,7754,428,mobile,Edge,54.4,19.41,8/13/2017,2:35 AM
12,8838,44,tablet,Edge,54.98,88.52,12/29/2017,5:21 PM
13,6599,1072,desktop,Chrome,71.66,25.93,9/21/2017,1:05 PM
14,783,2990,desktop,Firefox,62.35,21.18,1/20/2017,8:55 AM
15,8594,2901,mobile,Safari,95.22,4.21,6/8/2017,2:45 AM
16,6126,1428,desktop,Firefox,70.33,22.28,10/24/2017,8:36 PM
17,84,152,tablet,Chrome,45.63,48.9,5/7/2017,5:55 AM
18,82,1171,mobile,Edge,41.65,32.65,1/25/2017,2:32 PM
19,8410,810,mobile,Firefox,2.24,80.9,10/16/2017,5:31 AM
20,6074,639,desktop,Chrome,88.94,44.11,7/22/2017,2:48 AM
21,6319,3084,mobile,Firefox,2.19,34.68,4/16/2017,2:49 PM
22,2998,2861,desktop,Chrome,77.49,46.28,2/21/2017,7:53 PM
23,1961,2945,desktop,Safari,11.82,7.04,4/16/2017,3:39 PM
24,1037,1920,mobile,Firefox,71.2,82.8,6/2/2017,4:38 PM
25,2291,1810,tablet,Edge,23.22,50.19,12/4/2017,6:55 AM
26,3296,1690,tablet,Firefox,37.46,8.57,2/14/2017,5:41 AM
27,9464,3250,mobile,Chrome,39.39,91.15,11/12/2017,9:54 AM
28,4238,1352,desktop,Chrome,64.58,63.74,1/24/2017,9:00 PM
29,129,2792,desktop,Edge,60.5,38.18,1/8/2017,3:32 PM
30,2136,1604,desktop,Chrome,47.23,2.42,4/1/2017,4:18 AM
31,4835,726,tablet,Firefox,96.06,75.31,3/22/2017,2:50 AM
32,9279,232,mobile,Chrome,3.83,1.96,12/18/2017,10:50 PM
33,1003,2900,tablet,Chrome,59.25,22.12,5/5/2017,1:20 PM
34,6176,3296,tablet,Chrome,67.19,62.37,5/8/2017,6:35 PM
35,3364,758,mobile,Chrome,92.3,37.24,3/4/2017,1:23 PM
36,461,1599,desktop,Safari,16.85,0.28,3/18/2017,3:14 AM
37,6341,288,tablet,Safari,94.4,65.77,9/7/2017,4:01 AM
38,2950,1305,desktop,Firefox,70.81,48.79,1/15/2017,1:05 AM
39,8602,1471,tablet,Firefox,31.05,19.17,4/12/2017,9:42 PM
40,8381,1944,desktop,Chrome,81.94,6.15,12/7/2017,10:48 PM
41,9277,3121,tablet,Chrome,5.86,42.36,5/28/2017,8:18 PM
42,9464,387,desktop,Chrome,9.42,23.78,12/17/2017,11:42 PM
43,3287,2353,desktop,Safari,59.94,24.88,11/29/2017,4:21 AM
44,2930,722,desktop,Edge,23.06,51.81,12/21/2017,2:49 PM
45,4557,3429,mobile,Chrome,49.51,81.82,1/5/2017,10:43 AM
46,8562,2403,desktop,Edge,56.06,53.39,6/9/2017,4:47 PM
47,9105,3137,tablet,Edge,6.39,3.57,6/11/2017,1:18 AM
48,7073,2189,tablet,Chrome,46.69,95.42,7/8/2017,7:11 PM
49,1436,2554,tablet,Safari,22.78,28.98,4/20/2017,10:01 PM
50,7694,2251,desktop,Edge,5.21,65.13,6/27/2017,10:50 AM
51,5245,1703,mobile,Edge,84.07,78.5,3/1/2017,6:31 AM
52,6250,2358,tablet,Firefox,74.31,43.5,6/5/2017,6:03 AM
53,6677,3015,tablet,Firefox,22.59,61.48,2/21/2017,4:54 AM
54,673,1539,desktop,Safari,3.92,11.02,10/29/2017,10:51 AM
55,4676,1465,desktop,Edge,0.15,15.43,10/31/2017,7:54 AM
56,7926,3315,desktop,Edge,61.62,82.63,8/15/2017,1:21 AM
57,17,3248,tablet,Chrome,77.24,73.54,10/15/2017,7:37 AM
58,4314,1057,desktop,Safari,72.42,35.51,3/17/2017,3:49 PM
59,4547,1334,tablet,Chrome,9.25,34.29,7/31/2017,1:01 AM
60,4536,1631,mobile,Safari,97.17,28.0,7/23/2017,9:31 AM
61,5944,2223,mobile,Firefox,67.82,51.5,5/21/2017,11:23 AM
62,1612,401,desktop,Edge,20.43,57.03,1/19/2017,10:47 AM
63,9708,2892,desktop,Firefox,84.13,55.33,4/29/2017,5:17 PM
64,8474,1223,mobile,Chrome,52.98,81.48,7/30/2017,12:55 PM
65,5262,2438,mobile,Safari,4.08,62.67,5/10/2017,9:08 PM
66,3714,1766,tablet,Safari,18.07,16.29,3/22/2017,3:21 PM
67,1385,2156,mobile,Chrome,61.63,47.79,7/20/2017,10:45 AM
68,3236,919,mobile,Chrome,87.71,88.58,7/27/2017,7:02 PM
69,4051,488,tablet,Firefox,6.02,53.38,3/30/2017,12:41 PM
70,4116,3475,tablet,Edge,89.74,26.99,10/28/2017,1:06 PM
71,8786,1169,desktop,Firefox,4.13,15.73,3/16/2017,2:48 AM
72,9041,1094,tablet,Chrome,28.77,48.69,2/8/2017,6:45 PM
73,3717,277,tablet,Safari,0.26,3.63,3/12/2017,12:13 PM
74,5867,1075,mobile,Chrome,53.39,98.12,11/13/2017,6:30 PM
75,7345,3546,mobile,Safari,22.07,88.85,4/2/2017,5:10 AM
76,4277,3424,mobile,Edge,38.93,71.18,2/24/2017,10:06 AM
77,6562,1452,mobile,Edge,95.46,31.74,1/20/2017,7:31 AM
78,4674,462,mobile,Safari,51.52,96.99,9/24/2017,11:05 PM
79,8344,2660,desktop,Edge,81.06,66.33,5/5/2017,1:21 AM
80,2711,2050,tablet,Safari,2.04,18.88,8/16/2017,12:11 AM
81,5090,982,mobile,Firefox,99.15,26.1,9/16/2017,7:45 AM
82,9164,3127,desktop,Edge,35.24,92.24,6/14/2017,1:29 AM
83,7679,451,tablet,Edge,57.02,16.52,4/22/2017,9:55 PM
84,6598,1204,tablet,Edge,32.63,92.32,7/15/2017,9:56 AM
85,3829,378,tablet,Edge,96.44,90.76,1/4/2017,8:09 PM
86,4199,1922,desktop,Edge,53.15,5.73,5/25/2017,4:39 AM
87,2771,2294,tablet,Chrome,37.84,31.66,10/7/2017,12:07 PM
88,6983,1650,tablet,Safari,71.03,10.99,1/11/2017,9:41 AM
89,9642,3352,mobile,Safari,46.49,81.1,4/30/2017,6:35 PM
90,9500,1563,tablet,Firefox,55.44,38.36,7/15/2017,9:40 AM
91,4552,220,desktop,Chrome,69.25,13.1,1/20/2017,5:54 AM
92,765,3195,mobile,Edge,6.42,28.77,6/20/2017,10:42 AM
93,9843,2874,mobile,Firefox,77.71,95.2,1/28/2017,8:55 PM
94,94,416,desktop,Firefox,48.96,61.1,9/21/2017,1:27 AM
95,3051,1673,mobile,Edge,86.73,78.67,3/26/2017,4:10 PM
96,7118,2674,tablet,Edge,26.13,63.48,5/1/2017,9:37 AM
97,3534,1664,mobile,Firefox,73.77,60.98,3/22/2017,2:10 AM
98,9548,1005,mobile,Safari,13.85,18.67,6/29/2017,8:15 AM
99,3886,3330,mobile,Chrome,82.11,31.48,10/18/2017,2:30 AM
100,8462,2827,tablet,Chrome,28.01,69.8,10/1/2017,6:28 PM
101,3227,1211,desktop,Firefox,93.14,23.42,1/24/2017,11:24 AM
102,6785,935,desktop,Edge,55.54,13.54,5/22/2017,10:28 PM
103,4500,290,desktop,Edge,16.06,48.32,2/5/2017,11:54 PM
104,7953,2026,desktop,Edge,3.32,15.82,5/15/2017,1:53 PM
105,1201,2481,tablet,Chrome,66.91,52.16,1/1/2017,6:45 AM
106,9278,1926,tablet,Firefox,24.42,22.86,10/16/2017,5:17 AM
107,8372,601,mobile,Chrome,38.08,67.36,12/22/2017,10:28 PM
108,1464,3032,mobile,Firefox,79.48,35.71,7/13/2017,1:12 AM
109,7915,1401,tablet,Safari,8.58,61.54,2/19/2017,8:43 PM
110,2243,689,tablet,Chrome,5.15,24.72,3/23/2017,5:30 AM
111,5561,3208,desktop,Chrome,99.14,31.95,3/8/2017,9:02 PM
112,5112,2916,desktop,Edge,43.55,9.82,5/20/2017,12:55 PM
113,8811,108,mobile,Safari,65.11,56.76,5/2/2017,5:09 PM
114,5829,1376,desktop,Safari,38.55,59.21,6/30/2017,3:55 PM
115,6802,198,desktop,Firefox,63.61,41.16,8/17/2017,5:27 PM
116,6935,2492,tablet,Safari,49.77,12.45,12/12/2017,6:52 AM
117,2405,2359,tablet,Edge,30.55,65.78,4/6/2017,2:48 PM
118,2849,2402,mobile,Firefox,78.52,5.39,11/2/2017,8:06 AM
119,9795,1567,tablet,Edge,56.59,39.8,3/6/2017,9:05 AM
120,8530,1538,tablet,Safari,38.68,71.59,7/16/2017,12:58 AM
121,592,2919,desktop,Chrome,46.8,9.08,2/26/2017,1:16 PM
122,6845,1940,desktop,Safari,57.5,15.74,8/27/2017,4:01 PM
123,8548,3495,desktop,Firefox,45.36,49.32,10/23/2017,8:28 AM
124,7361,2535,desktop,Edge,92.76,9.64,1/28/2017,1:12 AM
125,5291,3298,mobile,Firefox,35.13,72.5,3/2/2017,11:09 AM
126,5535,1249,desktop,Firefox,2.88,61.48,3/7/2017,4:46 AM
127,7129,2200,tablet,Edge,28.74,86.14,9/7/2017,2:42 AM
128,3301,3300,tablet,Safari,24.56,91.66,9/24/2017,2:32 PM
129,2020,2607,mobile,Edge,62.51,95.39,4/26/2017,3:45 PM
130,9960,407,desktop,Firefox,12.81,24.6,5/8/2017,10:26 PM
131,7840,3085,mobile,Edge,18.26,53.44,8/1/2017,2:22 PM
132,66,1763,tablet,Chrome,27.29,8.05,12/22/2017,12:15 PM
133,5785,2717,mobile,Firefox,54.52,37.16,7/8/2017,3:32 PM
134,2092,635,desktop,Firefox,34.69,21.87,4/26/2017,10:38 AM
135,4484,465,tablet,Safari,32.83,63.93,1/8/2017,10:23 PM
136,4224,94,tablet,Edge,83.31,29.35,5/12/2017,11:24 PM
137,2560,3392,desktop,Edge,35.11,10.81,4/21/2017,7:59 AM
138,2146,1361,mobile,Safari,94.6,25.71,10/3/2017,2:18 AM
139,9063,2054,mobile,Edge,61.65,87.83,2/10/2017,9:52 AM
140,8772,2210,desktop,Safari,5.56,63.06,11/12/2017,1:31 PM
141,934,1444,mobile,Chrome,76.2,47.18,4/5/2017,2:49 PM
142,8392,639,desktop,Safari,55.47,59.96,2/5/2017,9:45 AM
143,5114,2205,mobile,Chrome,83.18,89.91,6/13/2017,8:46 AM
144,5355,196,desktop,Safari,63.95,55.71,10/24/2017,7:00 AM
145,8347,644,desktop,Safari,56.73,15.34,8/13/2017,9:09 PM
146,1291,2748,desktop,Chrome,55.05,33.31,5/16/2017,12:45 AM
147,7799,1003,tablet,Safari,54.07,28.81,9/8/2017,8:14 PM
148,4417,2173,tablet,Chrome,44.23,44.76,11/4/2017,1:23 AM
149,2421,1271,mobile,Firefox,51.59,58.44,4/24/2017,8:11 AM
150,6537,29,desktop,Chrome,92.68,50.0,10/22/2017,4:30 PM
151,357,3071,desktop,Chrome,91.69,34.42,11/5/2017,7:00 AM
152,9332,1282,desktop,Edge,35.89,58.35,3/23/2017,5:58 AM
153,8832,1964,mobile,Edge,36.99,68.63,6/24/2017,8:47 PM
154,58,2972,tablet,Firefox,83.05,93.28,6/22/2017,9:03 PM
155,9140,1761,desktop,Edge,89.95,4.25,4/15/2017,2:36 AM
156,3448,2614,mobile,Edge,38.52,73.84,6/21/2017,11:39 PM
157,6339,1370,mobile,Safari,98.7,9.04,8/27/2017,11:50 AM
158,8228,3523,desktop,Firefox,27.89,17.15,8/5/2017,10:54 PM
159,1099,1900,tablet,Safari,44.63,30.53,7/3/2017,6:47 PM
160,7960,648,mobile,Firefox,28.13,15.54,8/28/2017,12:37 PM
161,8321,211,tablet,Safari,53.45,57.08,10/1/2017,12:44 PM
162,6669,242,mobile,Chrome,95.49,18.03,8/30/2017,12:01 AM
163,6113,1124,desktop,Firefox,71.19,60.05,2/28/2017,6:53 PM
164,7865,2593,tablet,Edge,18.78,24.07,12/28/2017,9:21 AM
165,9958,3245,desktop,Firefox,91.47,96.95,9/26/2017,9:45 PM
166,9601,3415,desktop,Firefox,68.03,53.66,1/31/2017,11:00 AM
167,8962,2594,tablet,Edge,85.01,57.84,5/31/2017,7:35 AM
168,881,180,tablet,Chrome,62.94,10.98,12/16/2017,8:54 PM
169,4460,3388,tablet,Safari,23.67,58.65,8/11/2017,7:26 PM
170,6931,2526,desktop,Safari,68.35,51.72,6/7/2017,5:12 AM
171,7453,1350,desktop,Chrome,27.95,6.29,11/25/2017,3:49 AM
172,2212,1426,mobile,Firefox,53.15,15.36,8/28/2017,12:14 PM
173,3007,2577,tablet,Safari,54.96,1.34,6/30/2017,3:16 PM
174,4225,2355,tablet,Firefox,75.04,56.57,2/24/2017,7:12 PM
175,3040,2638,desktop,Firefox,25.88,75.1,2/18/2017,9:03 PM
176,740,481,tablet,Chrome,83.16,25.28,4/24/2017,9:31 AM
177,700,734,mobile,Firefox,7.67,17.99,11/27/2017,12:24 AM
178,7776,2790,mobile,Edge,48.29,55.5,9/7/2017,1:24 PM
179,8494,169,mobile,Chrome,23.41,93.42,6/3/2017,10:25 PM
180,5820,1923,desktop,Chrome,8.19,62.91,7/21/2017,4:32 PM
181,5392,897,desktop,Firefox,82.89,83.46,9/18/2017,2:16 PM
182,3288,2064,desktop,Chrome,86.65,82.11,7/10/2017,7:08 PM
183,9512,2014,desktop,Chrome,40.86,25.67,3/30/2017,12:17 AM
184,259,1147,tablet,Firefox,95.98,21.57,4/22/2017,8:50 AM
185,7699,3265,desktop,Firefox,77.15,14.18,8/13/2017,1:53 PM
186,5236,1956,desktop,Safari,68.49,7.82,11/18/2017,12:24 AM
187,9657,1275,mobile,Safari,96.6,3.93,2/4/2017,5:09 PM
188,2502,2474,tablet,Firefox,17.85,29.59,1/13/2017,7:05 AM
189,925,797,tablet,Edge,31.36,27.05,8/14/2017,5:24 PM
190,8985,95,desktop,Chrome,6.16,97.61,3/26/2017,10:23 AM
191,1504,743,desktop,Safari,57.26,2.6,12/14/2017,12:43 PM
192,3699,1330,mobile,Safari,1.67,25.95,7/30/2017,1:15 AM
193,7344,1019,desktop,Chrome,4.04,17.19,9/10/2017,8:18 PM
194,7432,2531,tablet,Firefox,56.86,15.56,4/24/2017,2:30 PM
195,8515,218,mobile,Firefox,92.89,6.71,7/6/2017,7:35 PM
196,2498,708,tablet,Firefox,22.06,61.16,1/31/2017,5:28 PM
197,8639,120,tablet,Safari,85.01,71.8,9/6/2017,2:31 AM
198,2126,3444,mobile,Edge,13.33,98.48,2/19/2017,2:08 PM
199,2951,3253,tablet,Firefox,72.05,50.34,8/15/2017,3:19 AM
200,138,3048,desktop,Chrome,37.77,81.48,2/23/2017,7:56 AM
201,2788,3213,mobile,Chrome,49.99,74.01,12/4/2017,3:06 AM
202,4250,53,tablet,Edge,83.2,87.81,3/22/2017,11:40 PM
203,2271,2753,mobile,Safari,46.32,66.25,5/29/2017,8:51 PM
204,929,2424,mobile,Firefox,45.73,18.38,11/30/2017,6:31 PM
205,6415,2977,desktop,Safari,90.82,18.92,9/19/2017,2:26 PM
206,3978,2484,tablet,Chrome,39.9,70.58,9/17/2017,8:08 AM
207,1364,1976,tablet,Edge,46.94,39.77,5/16/2017,9:31 PM
208,5255,1,desktop,Firefox,89.32,88.02,3/14/2017,6:22 PM
209,9403,2754,mobile,Firefox,30.27,30.72,1/25/2017,3:10 PM
210,409,86,tablet,Safari,84.54,85.48,1/1/2017,1:40 AM
211,7575,423,mobile,Edge,0.85,20.7,7/25/2017,9:02 AM
212,4014,2552,mobile,Chrome,5.05,94.64,5/6/2017,1:32 AM
213,696,3405,mobile,Safari,64.82,52.02,8/28/2017,1:20 AM
214,7272,1760,mobile,Firefox,17.19,6.74,4/4/2017,4:56 AM
215,1911,1078,tablet,Firefox,89.84,76.67,1/22/2017,4:17 AM
216,9165,3463,mobile,Firefox,30.1,54.1,4/8/2017,9:00 PM
217,1486,623,tablet,Firefox,57.88,42.05,2/1/2017,8:22 PM
218,9244,1931,mobile,Edge,9.68,96.11,9/15/2017,5:15 AM
219,7535,1307,mobile,Edge,1.82,66.26,2/23/2017,5:05 AM
220,4668,2109,desktop,Firefox,89.95,72.28,11/27/2017,10:33 AM
221,2544,446,desktop,Chrome,92.65,23.18,10/17/2017,9:49 PM
222,4649,417,tablet,Chrome,96.4,5.87,2/27/2017,2:15 AM
223,1135,2205,desktop,Chrome,47.7,25.56,12/17/2017,8:52 PM
224,8597,1037,desktop,Edge,7.62,86.83,11/23/2017,5:10 AM
225,6333,409,desktop,Chrome,78.59,38.05,7/29/2017,8:30 PM
226,5298,2339,tablet,Safari,88.87,9.99,8/17/2017,4:49 PM
227,7113,3377,mobile,Safari,85.75,91.59,4/21/2017,2:20 PM
228,2644,939,tablet,Safari,70.29,43.66,9/6/2017,8:37 AM
229,8770,2820,desktop,Firefox,48.34,91.51,12/7/2017,3:51 AM
230,6092,2139,mobile,Chrome,93.88,29.48,11/24/2017,11:56 AM
231,4203,1830,desktop,Chrome,9.55,36.79,2/28/2017,6:24 PM
232,4978,580,mobile,Edge,1.51,89.27,6/23/2017,1:50 PM
233,9284,43,tablet,Chrome,25.17,75.43,4/21/2017,11:36 PM
234,5903,187,mobile,Edge,5.05,94.89,12/27/2017,8:21 AM
235,8388,446,tablet,Safari,45.03,5.93,4/13/2017,10:45 PM
236,764,3544,mobile,Safari,92.39,13.42,9/21/2017,11:49 PM
237,2220,2870,desktop,Chrome,57.75,72.09,7/13/2017,2:34 PM
238,3070,2112,mobile,Firefox,10.65,47.53,12/27/2017,4:11 AM
239,7111,455,desktop,Firefox,89.42,71.0,3/15/2017,6:31 AM
240,5019,317,mobile,Safari,57.93,78.16,8/15/2017,5:01 PM
241,9652,112,tablet,Edge,96.78,99.35,8/7/2017,5:05 PM
242,5747,2424,desktop,Firefox,84.98,7.0,2/28/2017,2:32 PM
243,9916,856,desktop,Chrome,6.32,33.43,6/5/2017,4:41 PM
244,5104,912,desktop,Firefox,84.05,21.5,5/25/2017,11:20 PM
245,5645,1977,mobile,Safari,28.74,73.74,6/17/2017,12:15 AM
246,99,1336,mobile,Edge,57.2,39.35,11/2/2017,5:26 PM
247,90,1979,desktop,Chrome,33.09,56.08,8/11/2017,10:55 AM
248,5487,1294,tablet,Edge,56.78,92.36,8/11/2017,7:41 AM
249,3500,1466,tablet,Firefox,76.19,19.13,4/23/2017,2:01 PM
250,595,3402,mobile,Firefox,52.55,28.37,5/12/2017,3:00 AM
251,9181,2006,mobile,Safari,80.66,20.9,5/15/2017,2:02 AM
252,5902,2062,desktop,Firefox,42.92,5.31,2/15/2017,6:52 PM
253,1313,1112,tablet,Chrome,52.67,44.24,3/28/2017,4:38 AM
254,873,2037,desktop,Safari,36.06,10.49,11/29/2017,7:03 AM
255,4752,2200,desktop,Chrome,79.98,54.4,5/31/2017,3:59 AM
256,8425,973,mobile,Edge,29.69,16.7,7/11/2017,9:53 AM
257,7541,3315,mobile,Safari,25.08,24.81,2/2/2017,6:50 PM
258,4821,1919,tablet,Chrome,47.02,39.6,8/4/2017,5:43 PM
259,3232,1355,desktop,Chrome,8.51,34.88,12/29/2017,6:57 PM
260,8704,86,tablet,Safari,1.55,35.19,7/20/2017,10:52 PM
261,7057,1277,desktop,Chrome,90.86,74.19,5/8/2017,4:19 AM
262,6674,1755,tablet,Chrome,60.71,77.92,8/25/2017,11:37 AM
263,4117,3339,tablet,Firefox,23.14,19.51,6/15/2017,9:15 PM
264,1849,3026,tablet,Edge,76.76,92.39,12/4/2017,12:07 AM
265,7864,2874,desktop,Chrome,77.62,58.48,1/26/2017,5:12 AM
266,3389,1461,tablet,Edge,82.61,91.82,11/22/2017,12:35 AM
267,8488,3299,tablet,Edge,23.78,97.79,3/23/2017,7:50 PM
268,8748,2110,desktop,Edge,64.02,9.95,8/18/2017,12:01 PM
269,6849,1365,desktop,Safari,45.71,64.47,7/28/2017,12:40 PM
270,8993,756,mobile,Firefox,66.24,4.47,3/11/2017,3:18 AM
271,6261,2236,mobile,Firefox,44.69,98.83,2/3/2017,9:04 PM
272,9224,2954,tablet,Chrome,49.83,52.13,1/19/2017,12:39 PM
273,8148,2710,tablet,Edge,98.42,1.56,8/22/2017,3:53 PM
274,4701,2218,tablet,Chrome,1.23,92.58,4/27/2017,2:35 AM
275,4811,177,mobile,Chrome,80.9,67.78,5/14/2017,11:51 PM
276,5176,1118,mobile,Safari,28.1,41.49,3/15/2017,12:46 PM
277,6714,725,mobile,Firefox,46.61,20.04,3/25/2017,12:15 PM
278,7063,862,mobile,Safari,16.02,75.25,3/28/2017,4:59 AM
279,9303,3305,tablet,Chrome,6.69,18.36,5/16/2017,7:29 AM
280,4779,1922,tablet,Edge,95.93,20.69,8/16/2017,5:54 AM
281,9075,216,tablet,Safari,37.65,31.15,10/31/2017,3:00 AM
282,2472,1811,tablet,Edge,96.74,63.25,2/5/2017,11:27 PM
283,6290,2913,desktop,Firefox,62.55,88.7,10/4/2017,10:57 AM
284,4087,2817,desktop,Edge,88.26,47.34,3/31/2017,6:21 PM
285,326,2185,tablet,Edge,17.94,84.79,4/29/2017,8:55 PM
286,3511,2307,mobile,Firefox,41.99,66.85,12/18/2017,10:55 PM
287,9785,412,tablet,Chrome,9.01,1.79,2/1/2017,9:19 PM
288,8056,2398,mobile,Edge,40.22,89.49,6/6/2017,2:11 AM
289,4204,1580,tablet,Firefox,73.81,88.23,12/28/2017,3:09 PM
290,9555,2245,tablet,Chrome,0.17,71.07,8/15/2017,8:05 PM
291,1247,1300,desktop,Edge,6.25,10.27,10/15/2017,7:23 PM
292,7135,1926,tablet,Chrome,1.07,73.33,12/30/2017,2:59 AM
293,6577,2848,desktop,Edge,35.47,65.11,5/24/2017,6:15 AM
294,4690,967,mobile,Safari,46.93,24.37,3/11/2017,8:28 PM
295,7399,2424,mobile,Firefox,39.03,10.82,5/20/2017,11:23 PM
296,9352,220,desktop,Edge,51.98,32.52,5/29/2017,9:58 PM
297,2292,561,tablet,Firefox,34.48,95.51,6/22/2017,11:16 PM
298,5935,2428,desktop,Firefox,23.78,20.22,11/15/2017,10:40 AM
299,9642,3210,mobile,Firefox,76.97,59.4,9/18/2017,11:46 AM
300,6873,153,mobile,Chrome,5.19,27.89,9/15/2017,9:25 AM
301,2769,1946,desktop,Edge,50.7,3.06,5/30/2017,10:05 PM
302,8794,2615,mobile,Safari,74.34,6.64,9/2/2017,2:18 AM
303,3790,1738,desktop,Safari,6.64,71.35,3/18/2017,12:36 AM
304,7652,2071,mobile,Edge,41.2,65.42,5/19/2017,6:17 PM
305,2320,977,desktop,Edge,43.09,3.35,5/14/2017,5:31 AM
306,8037,1351,mobile,Safari,36.79,69.44,10/3/2017,12:52 AM
307,130,209,desktop,Edge,38.19,48.61,12/27/2017,2:12 AM
308,3567,2964,mobile,Edge,30.49,62.25,10/10/2017,3:00 AM
309,935,7,desktop,Chrome,24.74,0.57,10/20/2017,11:39 PM
310,22,1850,tablet,Edge,48.78,11.0,11/1/2017,10:10 AM
311,1211,2054,desktop,Safari,7.9,19.46,10/14/2017,2:24 AM
312,2037,3118,desktop,Safari,38.1,79.64,11/26/2017,12:53 PM
313,1754,2435,desktop,Firefox,12.92,18.42,12/11/2017,12:34 PM
314,842,2566,tablet,Safari,87.56,7.25,1/13/2017,7:53 AM
315,4621,2946,tablet,Chrome,32.55,92.86,9/17/2017,5:15 PM
316,6379,3463,tablet,Firefox,45.54,17.01,8/9/2017,11:25 AM
317,2553,274,tablet,Firefox,37.33,93.01,8/14/2017,2:20 AM
318,5372,1526,desktop,Edge,16.72,92.44,2/17/2017,3:37 AM
319,807,2738,desktop,Chrome,25.8,86.76,10/10/2017,12:35 AM
320,1288,22,desktop,Firefox,3.45,72.03,10/8/2017,12:50 AM
321,8147,1202,mobile,Chrome,30.95,4.17,4/3/2017,7:10 AM
322,1636,1068,tablet,Firefox,22.69,87.25,9/25/2017,6:37 AM
323,5686,493,mobile,Firefox,52.77,83.11,12/20/2017,11:02 AM
324,5011,2354,tablet,Safari,87.96,0.44,5/4/2017,10:28 AM
325,6192,3015,mobile,Safari,56.92,37.37,11/13/2017,11:49 PM
326,1081,63,tablet,Safari,63.54,92.44,9/29/2017,4:04 PM
327,4796,2397,mobile,Edge,40.23,61.88,9/1/2017,8:44 PM
328,5016,241,mobile,Edge,39.0,62.1,6/19/2017,8:41 PM
329,411,2327,desktop,Chrome,24.94,37.09,1/15/2017,10:41 PM
330,1461,1503,desktop,Edge,62.25,13.59,9/4/2017,4:58 AM
331,1481,470,desktop,Firefox,65.2,76.23,11/29/2017,8:18 PM
332,7617,2278,desktop,Firefox,90.46,55.13,4/28/2017,10:39 AM
333,8195,447,tablet,Edge,14.8,76.01,2/14/2017,11:01 PM
334,9957,2457,tablet,Edge,96.03,42.23,12/9/2017,1:20 AM
335,8987,3216,desktop,Safari,12.68,88.61,11/15/2017,2:59 AM
336,9258,1186,desktop,Safari,96.75,98.29,11/25/2017,2:51 PM
337,2817,2472,desktop,Firefox,1.76,10.78,1/26/2017,10:33 PM
338,9540,2174,desktop,Firefox,43.88,64.99,8/24/2017,1:46 AM
339,6159,1249,tablet,Chrome,18.07,42.4,1/10/2017,8:14 PM
340,9762,2564,tablet,Chrome,57.44,87.88,1/2/2017,4:23 PM
341,4336,2389,tablet,Chrome,75.73,59.48,1/9/2017,7:37 PM
342,2713,1865,tablet,Firefox,86.01,86.63,2/2/2017,5:16 AM
343,5695,3450,tablet,Edge,48.4,35.72,11/6/2017,7:22 AM
344,4913,2848,tablet,Firefox,13.48,94.02,6/1/2017,6:33 AM
345,9201,998,desktop,Chrome,74.36,15.01,8/25/2017,6:33 AM
346,2616,2407,tablet,Edge,89.74,6.21,8/14/2017,4:57 AM
347,5173,1143,desktop,Edge,15.59,70.14,7/25/2017,4:27 AM
348,3893,3297,desktop,Firefox,70.89,28.71,1/27/2017,3:47 AM
349,7142,166,mobile,Safari,52.18,55.63,1/19/2017,12:42 PM
350,3007,1224,mobile,Safari,25.48,6.46,4/22/2017,1:58 AM
351,1377,1460,tablet,Edge,23.0,75.32,7/7/2017,2:35 PM
352,3995,2082,mobile,Firefox,85.23,9.01,11/14/2017,7:52 AM
353,9648,2537,desktop,Edge,65.79,42.63,4/24/2017,6:05 AM
354,2358,549,mobile,Chrome,16.18,35.71,1/28/2017,6:35 AM
355,8187,1785,tablet,Chrome,53.64,6.53,12/13/2017,9:16 AM
356,3638,1955,desktop,Edge,81.56,69.82,9/26/2017,6:12 PM
357,1194,3220,mobile,Safari,20.23,9.17,4/28/2017,6:08 AM
358,8463,945,desktop,Edge,65.39,67.31,3/3/2017,1:26 AM
359,1408,3469,tablet,Chrome,73.01,91.25,4/29/2017,4:54 AM
360,3057,1661,desktop,Firefox,11.49,57.66,7/8/2017,3:52 AM
361,3837,3377,mobile,Firefox,44.78,56.89,7/23/2017,11:53 PM
362,3821,132,mobile,Safari,4.52,17.25,10/17/2017,12:19 PM
363,7534,2306,mobile,Safari,8.34,29.14,2/4/2017,3:04 AM
364,7750,2582,mobile,Edge,57.21,84.42,6/24/2017,4:42 AM
365,525,1634,mobile,Edge,75.84,88.09,1/5/2017,12:51 PM
366,6565,1057,desktop,Firefox,9.62,42.72,9/7/2017,1:07 AM
367,120,2251,desktop,Safari,86.11,85.3,12/17/2017,5:08 PM
368,1905,2479,tablet,Firefox,67.84,37.07,7/2/2017,8:35 AM
369,5448,114,tablet,Safari,2.49,72.95,3/30/2017,9:47 AM
370,6085,669,tablet,Firefox,22.18,35.45,8/26/2017,7:00 PM
371,535,539,mobile,Chrome,75.84,68.53,1/1/2017,8:29 PM
372,351,3440,tablet,Chrome,7.34,66.48,7/25/2017,3:25 AM
373,5529,707,mobile,Chrome,65.45,76.83,12/15/2017,1:25 AM
374,8394,1103,desktop,Firefox,47.37,10.3,6/15/2017,5:58 AM
375,2226,3502,desktop,Safari,45.3,13.16,3/26/2017,10:07 PM
376,3526,847,desktop,Chrome,42.1,30.04,1/19/2017,1:05 AM
377,1322,264,tablet,Chrome,64.25,33.03,2/19/2017,4:21 AM
378,7967,1459,tablet,Edge,8.53,77.74,4/18/2017,9:31 PM
379,8924,3041,desktop,Edge,66.81,68.62,11/15/2017,8:51 PM
380,586,963,tablet,Firefox,28.18,14.97,12/1/2017,6:44 PM
381,1569,781,mobile,Firefox,12.94,20.59,11/20/2017,7:44 AM
382,5532,193,desktop,Edge,1.48,25.8,5/7/2017,11:47 AM
383,2513,1354,desktop,Firefox,23.88,4.98,1/25/2017,2:25 AM
384,5971,221,tablet,Chrome,16.99,75.46,2/17/2017,2:15 AM
385,4417,119,mobile,Edge,55.47,63.24,5/12/2017,9:23 PM
386,8960,3445,desktop,Chrome,55.17,88.02,3/13/2017,2:59 PM
387,3697,175,tablet,Edge,61.95,76.74,12/6/2017,2:42 AM
388,7607,1520,mobile,Safari,3.84,62.38,2/20/2017,4:15 AM
389,3760,1590,tablet,Firefox,94.5,60.03,4/18/2017,3:34 PM
390,4194,3513,tablet,Safari,27.89,60.9,5/10/2017,6:59 AM
391,4210,2041,mobile,Chrome,83.71,25.55,10/7/2017,8:40 PM
392,1876,2026,tablet,Safari,21.9,90.17,4/28/2017,10:52 AM
393,1279,1094,tablet,Chrome,50.4,72.2,5/5/2017,12:43 AM
394,9628,3584,mobile,Chrome,52.88,38.01,12/16/2017,7:20 AM
395,9871,1239,tablet,Chrome,47.2,98.52,11/22/2017,8:43 PM
396,3670,530,mobile,Firefox,22.39,20.87,7/2/2017,11:49 PM
397,8868,2224,tablet,Safari,1.72,80.18,1/19/2017,8:36 AM
398,649,2642,mobile,Safari,63.29,88.17,3/1/2017,12:12 AM
399,149,571,mobile,Safari,86.32,48.95,7/10/2017,7:27 PM
400,8952,2473,tablet,Safari,0.18,44.59,6/20/2017,1:08 PM
401,2946,1181,mobile,Edge,58.46,69.78,7/5/2017,7:50 AM
402,3778,1949,mobile,Firefox,40.6,15.39,1/24/2017,11:38 PM
403,3226,422,mobile,Firefox,51.15,77.38,4/17/2017,2:46 AM
404,2533,1679,desktop,Safari,81.22,60.78,12/3/2017,10:34 AM
405,9915,2000,mobile,Edge,89.04,49.06,12/5/2017,2:34 AM
406,3094,344,mobile,Safari,79.43,17.49,11/13/2017,6:55 PM
407,5602,11,tablet,Chrome,94.31,4.85,1/22/2017,2:07 PM
408,7154,90,tablet,Chrome,15.65,50.94,5/25/2017,2:25 AM
409,1933,2593,tablet,Safari,50.63,83.71,12/12/2017,4:44 AM
410,6646,2805,mobile,Edge,94.08,31.83,1/15/2017,9:25 AM
411,6748,164,mobile,Edge,34.07,13.28,1/17/2017,5:37 AM
412,9360,220,tablet,Safari,46.18,89.05,9/2/2017,9:35 AM
413,3880,1778,tablet,Edge,63.41,75.71,7/8/2017,11:45 PM
414,3720,3013,tablet,Chrome,41.27,19.19,1/1/2017,3:50 AM
415,5307,3117,mobile,Firefox,85.93,76.42,9/8/2017,6:49 PM
416,3340,2447,tablet,Firefox,70.22,27.94,2/16/2017,12:04 PM
417,2841,3109,mobile,Edge,16.38,72.14,8/5/2017,12:25 PM
418,4546,2447,mobile,Edge,71.37,73.78,8/26/2017,10:03 PM
419,5690,3039,mobile,Chrome,39.96,79.11,3/25/2017,5:29 AM
420,4688,2994,tablet,Chrome,97.33,66.68,12/9/2017,2:51 AM
421,9614,1630,tablet,Firefox,29.73,89.02,2/27/2017,1:26 PM
422,7844,1499,desktop,Edge,80.32,83.06,6/9/2017,5:44 AM
423,9469,3003,desktop,Chrome,48.88,36.75,11/6/2017,1:02 AM
424,2639,784,tablet,Firefox,75.26,61.83,3/4/2017,5:19 PM
425,9403,2265,mobile,Firefox,39.1,61.97,1/6/2017,3:04 AM
426,3474,1171,tablet,Safari,12.09,80.5,4/2/2017,4:14 AM
427,4676,3058,desktop,Firefox,35.07,91.61,11/28/2017,7:34 PM
428,2327,2223,desktop,Edge,43.08,59.01,2/6/2017,9:57 PM
429,8028,834,mobile,Firefox,65.82,54.3,10/4/2017,4:59 AM
430,7582,2429,desktop,Safari,77.41,74.31,8/16/2017,9:56 AM
431,231,66,tablet,Safari,36.35,46.38,6/22/2017,5:30 AM
432,3200,3492,tablet,Chrome,49.64,91.75,5/10/2017,6:07 AM
433,6323,3156,desktop,Safari,28.21,28.4,1/4/2017,10:31 AM
434,1072,2046,mobile,Safari,79.14,3.11,5/23/2017,8:16 AM
435,9674,223,mobile,Chrome,91.27,60.96,7/5/2017,4:26 AM
436,3487,2300,mobile,Edge,91.04,18.71,12/22/2017,11:14 PM
437,8795,3358,mobile,Firefox,40.9,25.8,6/20/2017,3:00 AM
438,1179,1471,mobile,Chrome,74.22,98.3,11/25/2017,1:53 AM
439,9557,2586,tablet,Safari,75.87,38.54,4/24/2017,3:31 AM
440,2792,1800,desktop,Chrome,26.25,30.28,7/2/2017,10:02 AM
441,9485,1442,tablet,Edge,32.98,1.85,7/2/2017,6:38 PM
442,4548,1890,desktop,Safari,72.22,86.28,7/18/2017,1:58 PM
443,2027,2079,tablet,Chrome,47.97,92.29,6/26/2017,8:11 PM
444,5361,2242,mobile,Edge,8.36,45.48,6/7/2017,11:32 PM
445,527,188,mobile,Safari,23.34,91.62,6/26/2017,12:01 PM
446,714,2458,mobile,Firefox,20.07,95.07,3/1/2017,11:14 AM
447,6655,750,tablet,Edge,5.04,35.71,6/30/2017,9:10 AM
448,2038,321,mobile,Firefox,99.04,88.52,6/3/2017,8:32 AM
449,6020,1368,tablet,Safari,52.99,42.12,2/11/2017,4:18 AM
450,9257,1591,tablet,Chrome,89.81,42.99,11/22/2017,12:19 AM
451,7078,1027,mobile,Safari,1.89,57.65,2/27/2017,8:33 PM
452,8098,1803,mobile,Safari,6.2,20.57,7/12/2017,6:36 AM
453,5628,2663,tablet,Chrome,14.76,62.77,6/24/2017,8:47 PM
454,7850,2224,desktop,Edge,70.2,75.25,4/28/2017,7:53 PM
455,4252,2755,tablet,Chrome,49.89,56.51,3/27/2017,11:30 PM
456,4323,1516,mobile,Firefox,62.66,23.2,5/3/2017,9:03 PM
457,1492,2345,tablet,Edge,47.18,87.1,9/15/2017,2:05 PM
458,7056,192,desktop,Edge,70.09,63.25,5/10/2017,7:33 AM
459,1357,1490,desktop,Chrome,51.81,85.13,9/17/2017,7:45 PM
460,7001,1393,tablet,Chrome,53.89,95.99,3/2/2017,3:19 PM
461,2291,1018,desktop,Safari,40.16,6.45,10/24/2017,10:33 AM
462,2129,1373,mobile,Firefox,84.65,22.45,12/17/2017,11:10 AM
463,7540,2744,desktop,Edge,26.4,25.0,1/26/2017,1:55 PM
464,2206,2986,desktop,Chrome,95.11,47.98,10/19/2017,6:38 PM
465,1399,187,tablet,Safari,28.9,28.52,2/14/2017,6:10 PM
466,2736,1886,desktop,Firefox,13.54,13.13,4/22/2017,10:21 PM
467,5614,2382,tablet,Edge,1.88,22.49,9/25/2017,4:11 AM
468,8611,2100,mobile,Chrome,87.71,29.87,10/5/2017,8:14 PM
469,7783,1933,mobile,Chrome,93.56,43.7,10/18/2017,5:08 PM
470,1471,1151,tablet,Safari,33.93,96.82,9/22/2017,3:49 AM
471,7498,2588,desktop,Firefox,89.24,6.42,4/18/2017,1:24 AM
472,8224,638,mobile,Firefox,5.77,52.04,2/28/2017,4:19 AM
473,1784,869,mobile,Safari,39.12,74.67,2/14/2017,8:48 AM
474,8096,2140,mobile,Firefox,51.94,74.95,10/30/2017,8:47 PM
475,1578,2972,desktop,Chrome,61.47,28.53,1/23/2017,8:12 PM
476,5418,3477,mobile,Safari,12.89,0.12,10/14/2017,3:15 PM
477,5097,1948,tablet,Firefox,55.1,90.17,4/28/2017,5:35 PM
478,212,2981,tablet,Firefox,22.77,31.67,10/31/2017,5:56 AM
479,3968,1062,desktop,Chrome,37.19,49.43,11/10/2017,7:12 PM
480,7891,163,mobile,Chrome,40.25,41.27,12/27/2017,6:59 AM
481,9788,1585,tablet,Edge,93.73,15.88,4/10/2017,2:33 AM
482,7739,1712,mobile,Edge,70.19,93.49,3/1/2017,3:01 PM
483,4067,1947,tablet,Edge,45.53,29.9,7/28/2017,4:44 PM
484,8825,176,mobile,Chrome,99.69,82.78,9/16/2017,11:25 PM
485,6346,520,mobile,Chrome,14.5,95.51,2/3/2017,7:39 AM
486,2902,1489,tablet,Edge,3.57,71.5,6/6/2017,12:47 AM
487,1465,1693,desktop,Safari,41.97,93.08,6/10/2017,6:42 PM
488,5889,210,tablet,Firefox,70.78,89.43,10/23/2017,9:36 AM
489,9968,2528,desktop,Firefox,85.38,60.66,7/21/2017,2:31 PM
490,9570,3509,desktop,Edge,58.38,86.13,6/20/2017,3:23 PM
491,8975,2427,tablet,Firefox,27.22,86.41,7/30/2017,4:54 PM
492,6428,3516,desktop,Chrome,29.55,86.38,2/27/2017,2:38 AM
493,5844,825,tablet,Firefox,10.07,4.0,6/19/2017,12:45 AM
494,1712,1710,mobile,Chrome,92.7,45.72,1/25/2017,2:08 PM
495,4977,2529,tablet,Chrome,48.69,23.09,5/19/2017,10:26 PM
496,3986,399,mobile,Safari,92.07,29.72,4/29/2017,12:41 AM
497,2818,1877,mobile,Chrome,60.42,47.67,1/3/2017,4:58 AM
498,5321,3134,mobile,Firefox,52.19,83.71,3/19/2017,9:47 PM
499,6908,206,tablet,Firefox,20.99,69.29,1/19/2017,8:22 PM
500,8168,1109,mobile,Chrome,65.07,71.77,7/12/2017,5:20 PM
